-- --------------------------------------------------------
-- Host:                         rpi
-- Versión del servidor:         10.3.27-MariaDB-0+deb10u1 - Raspbian 10
-- SO del servidor:              debian-linux-gnueabihf
-- HeidiSQL Versión:             11.2.0.6213
-- --------------------------------------------------------

/*!40101 SET @OLD_CHARACTER_SET_CLIENT=@@CHARACTER_SET_CLIENT */;
/*!40101 SET NAMES utf8 */;
/*!50503 SET NAMES utf8mb4 */;
/*!40014 SET @OLD_FOREIGN_KEY_CHECKS=@@FOREIGN_KEY_CHECKS, FOREIGN_KEY_CHECKS=0 */;
/*!40101 SET @OLD_SQL_MODE=@@SQL_MODE, SQL_MODE='NO_AUTO_VALUE_ON_ZERO' */;
/*!40111 SET @OLD_SQL_NOTES=@@SQL_NOTES, SQL_NOTES=0 */;


-- Volcando estructura de base de datos para CantinAPP
CREATE DATABASE IF NOT EXISTS `CantinAPP` /*!40100 DEFAULT CHARACTER SET utf8mb4 */;
USE `CantinAPP`;

-- Volcando estructura para tabla Cantina.Composicion
CREATE TABLE IF NOT EXISTS `Composicion` (
  `IdComposicion` int(11) NOT NULL AUTO_INCREMENT,
  `Nombre` varchar(50) CHARACTER SET utf8 COLLATE utf8_spanish_ci NOT NULL,
  `Descripcion` varchar(50) CHARACTER SET utf8 COLLATE utf8_spanish_ci NOT NULL,
  `IdDetalleComposicion` int(11) NOT NULL,
  PRIMARY KEY (`IdComposicion`),
  KEY `FK_IdDetalleComposicion` (`IdDetalleComposicion`),
  CONSTRAINT `FK_IdDetalleComposicion` FOREIGN KEY (`IdDetalleComposicion`) REFERENCES `DetalleComposicion` (`IdDetalleComposicion`) ON UPDATE CASCADE
) ENGINE=InnoDB AUTO_INCREMENT=85 DEFAULT CHARSET=utf8;

-- Volcando datos para la tabla Cantina.Composicion: ~78 rows (aproximadamente)
/*!40000 ALTER TABLE `Composicion` DISABLE KEYS */;
INSERT INTO `Composicion` (`IdComposicion`, `Nombre`, `Descripcion`, `IdDetalleComposicion`) VALUES
	(1, 'Paella de magra y costillejas', '', 1),
	(2, 'Pastel argentino', '', 1),
	(3, 'Ensalada de garbanzos', '', 1),
	(4, 'Emperador con o sin salsa verde', '', 1),
	(5, 'Muslo de pollo deshuesado', '', 1),
	(6, 'Pincho de secreto', '', 1),
	(7, 'Espirales gratinados con atún', '', 1),
	(8, 'Pastel de verduras', '', 1),
	(9, 'Bacalao al horno', '', 1),
	(10, 'Asado de codillo', '', 1),
	(11, 'Mousse de limón', '', 2),
	(12, 'Profiteroles', '', 2),
	(13, 'Crema catalana', '', 2),
	(14, 'Mousse de chocolate', '', 2),
	(15, 'Fruta del tiempo', '', 2),
	(16, 'Marmitako', '', 1),
	(17, 'Paella de Carne y Verduras', '', 1),
	(18, 'Patatas Gratinadas con Salsa Ranchera y Bacon', '', 1),
	(19, 'Merluza con Salsa Verde', '', 1),
	(20, 'Combinado de Salchicha, Huevo y Bacon', '', 1),
	(21, 'Lomo de Cerdo a la Pimienta', '', 1),
	(22, 'Arroz con Leche', '', 2),
	(23, 'Natillas de Chocolate', '', 2),
	(24, 'Ensalada de arroz', '', 1),
	(25, 'Macarrones con atún y tomate', '', 1),
	(26, 'Gazpacho andaluz', '', 1),
	(27, 'Cazón en adobo', '', 1),
	(28, 'Pechuga en escabeche', '', 1),
	(29, 'Asado de cordero', '', 1),
	(30, 'Refresco Cola', '', 3),
	(31, 'Agua 1L', '', 3),
	(32, 'Refresco Naranja', '', 3),
	(33, 'Refresco Limón', '', 3),
	(34, 'Refresco Aquarius', '', 3),
	(35, 'Cerveza 1/3', '', 3),
	(36, 'Cerveza 1/5', '', 3),
	(37, 'Vino (Copa)', '', 3),
	(38, 'Salmorejo con jamón y huevo', '', 1),
	(39, 'Brócoli salteado', '', 1),
	(40, 'Macarrones a la boloñesa gratinados', '', 1),
	(41, 'Bacalao encebollado', '', 1),
	(42, 'Asado de chuleta', '', 1),
	(43, 'Albóndigas en salsa', '', 1),
	(44, 'Pastel de verduras y salsa de piquillo', '', 1),
	(45, 'Paella de verduras y bacalao', '', 1),
	(46, 'Canelones de espinacas', '', 1),
	(47, 'Pimientos del piquillo rellenos de marisco', '', 1),
	(48, 'Perca a la espalda', '', 1),
	(49, 'Combinado de pechuga empanada', '', 1),
	(50, 'Asado de carrillera', '', 1),
	(51, 'Tarta del tío Paco', '', 2),
	(52, 'Paella de marisco', '', 1),
	(53, 'Espagueti con salsa de salmón', '', 1),
	(54, 'Jamón asado', '', 1),
	(55, 'Sepia rebozada', '', 1),
	(56, 'Costillar a la barbacoa', '', 1),
	(57, 'Pollo Rustido', '', 1),
	(58, 'Tarta de queso', '', 2),
	(59, 'Ensalada de quinoa', '', 1),
	(60, 'Bacalao con tomate', '', 1),
	(61, 'Pollo al ajillo', '', 1),
	(62, 'Ensalada de alubia Blanca', '', 1),
	(63, 'Pan de calatrava', '', 2),
	(64, 'Macedonia de fruta', '', 2),
	(65, 'Lomo a la pimienta', '', 1),
	(66, 'Humus de garbanzos', '', 1),
	(67, 'Paella de pollo', '', 1),
	(68, 'Espaguetis a la carbonara', '', 1),
	(69, 'Merluza plancha con o sin salsa verde', '', 1),
	(70, 'Pechuga con salsa de champiñones', '', 1),
	(71, 'Magra con tomate', '', 1),
	(72, 'Tarta de la abuela', '', 1),
	(73, 'Lasaña boloñesa', '', 1),
	(74, 'Revuelto de verduras y bacon', '', 1),
	(75, 'San Jacobo de York y queso', '', 1),
	(76, 'Tarta del abuelo', '', 2),
	(77, 'Bolitas de patatas rellenas de carne con salsa pic', '', 1),
	(83, 'Tortelili lol', '', 1),
	(84, 'PRUEBA 5', 'PRUEBA 5', 2);
/*!40000 ALTER TABLE `Composicion` ENABLE KEYS */;

-- Volcando estructura para tabla Cantina.DetalleComposicion
CREATE TABLE IF NOT EXISTS `DetalleComposicion` (
  `IdDetalleComposicion` int(11) NOT NULL AUTO_INCREMENT,
  `Descripcion` varchar(50) CHARACTER SET utf8 COLLATE utf8_spanish_ci NOT NULL DEFAULT '0',
  `Precio` decimal(4,2) NOT NULL DEFAULT 0.00,
  PRIMARY KEY (`IdDetalleComposicion`)
) ENGINE=InnoDB AUTO_INCREMENT=5 DEFAULT CHARSET=utf8;

-- Volcando datos para la tabla Cantina.DetalleComposicion: ~4 rows (aproximadamente)
/*!40000 ALTER TABLE `DetalleComposicion` DISABLE KEYS */;
INSERT INTO `DetalleComposicion` (`IdDetalleComposicion`, `Descripcion`, `Precio`) VALUES
	(1, 'Plato', 3.00),
	(2, 'Postre', 1.50),
	(3, 'Bebida', 1.00),
	(4, 'Complemento', 1.00);
/*!40000 ALTER TABLE `DetalleComposicion` ENABLE KEYS */;

-- Volcando estructura para tabla Cantina.DetallePedido
CREATE TABLE IF NOT EXISTS `DetallePedido` (
  `IdDetallePedido` int(11) NOT NULL AUTO_INCREMENT,
  `IdPedido` int(11) NOT NULL DEFAULT 0,
  `IdComposicion` int(11) NOT NULL DEFAULT 0,
  PRIMARY KEY (`IdDetallePedido`) USING BTREE,
  KEY `FK_ComposicionPedido` (`IdComposicion`),
  KEY `FK_detallepedido_pedido` (`IdPedido`),
  CONSTRAINT `FK_ComposicionPedido` FOREIGN KEY (`IdComposicion`) REFERENCES `Composicion` (`IdComposicion`) ON UPDATE CASCADE,
  CONSTRAINT `FK_detallepedido_pedido` FOREIGN KEY (`IdPedido`) REFERENCES `Pedido` (`IdPedido`) ON DELETE CASCADE ON UPDATE CASCADE
) ENGINE=InnoDB AUTO_INCREMENT=2222 DEFAULT CHARSET=utf8;

-- Volcando datos para la tabla Cantina.DetallePedido: ~1.241 rows (aproximadamente)
/*!40000 ALTER TABLE `DetallePedido` DISABLE KEYS */;
INSERT INTO `DetallePedido` (`IdDetallePedido`, `IdPedido`, `IdComposicion`) VALUES
	(1, 18, 2),
	(2, 18, 3),
	(3, 18, 4),
	(4, 18, 5),
	(5, 19, 3),
	(6, 19, 4),
	(7, 20, 6),
	(8, 21, 2),
	(9, 21, 5),
	(10, 21, 6),
	(11, 22, 1),
	(12, 22, 2),
	(13, 23, 2),
	(14, 24, 3),
	(15, 24, 4),
	(16, 25, 3),
	(17, 25, 4),
	(18, 26, 3),
	(19, 26, 4),
	(20, 27, 4),
	(21, 28, 6),
	(22, 29, 1),
	(23, 30, 2),
	(24, 31, 3),
	(25, 32, 1),
	(26, 33, 3),
	(27, 34, 2),
	(28, 35, 4),
	(29, 36, 4),
	(30, 37, 6),
	(31, 38, 6),
	(32, 39, 4),
	(33, 40, 6),
	(34, 41, 2),
	(35, 42, 2),
	(36, 43, 2),
	(37, 44, 2),
	(38, 45, 2),
	(39, 46, 2),
	(40, 47, 3),
	(41, 48, 5),
	(42, 49, 1),
	(43, 50, 5),
	(44, 51, 3),
	(45, 51, 5),
	(46, 52, 1),
	(47, 53, 2),
	(48, 54, 3),
	(49, 55, 2),
	(50, 56, 2),
	(51, 57, 2),
	(52, 58, 5),
	(53, 59, 2),
	(54, 59, 5),
	(55, 60, 2),
	(56, 60, 5),
	(57, 61, 4),
	(58, 62, 1),
	(59, 62, 2),
	(60, 62, 3),
	(61, 62, 4),
	(62, 62, 5),
	(63, 62, 6),
	(64, 63, 3),
	(65, 63, 4),
	(66, 63, 5),
	(67, 63, 6),
	(68, 64, 6),
	(69, 65, 2),
	(70, 66, 3),
	(71, 66, 5),
	(72, 68, 4),
	(73, 68, 5),
	(74, 69, 5),
	(75, 69, 6),
	(76, 70, 2),
	(77, 70, 4),
	(78, 70, 5),
	(79, 71, 1),
	(80, 71, 2),
	(81, 72, 1),
	(82, 72, 2),
	(83, 72, 3),
	(84, 72, 4),
	(85, 72, 5),
	(86, 72, 6),
	(87, 73, 25),
	(88, 74, 24),
	(89, 74, 26),
	(90, 75, 26),
	(91, 76, 27),
	(92, 78, 28),
	(93, 79, 24),
	(94, 79, 27),
	(95, 80, 24),
	(96, 80, 26),
	(97, 80, 27),
	(98, 81, 24),
	(99, 81, 26),
	(100, 82, 2),
	(101, 82, 4),
	(102, 83, 2),
	(103, 83, 3),
	(104, 84, 3),
	(105, 84, 5),
	(106, 84, 6),
	(107, 85, 3),
	(108, 85, 4),
	(109, 86, 3),
	(110, 86, 6),
	(111, 87, 2),
	(112, 87, 6),
	(113, 88, 3),
	(114, 88, 4),
	(115, 88, 8),
	(116, 89, 4),
	(117, 91, 2),
	(118, 91, 5),
	(119, 92, 1),
	(120, 92, 5),
	(121, 93, 2),
	(122, 93, 5),
	(123, 94, 22),
	(124, 94, 31),
	(125, 94, 43),
	(126, 95, 10),
	(127, 95, 42),
	(128, 95, 50),
	(129, 96, 29),
	(130, 96, 50),
	(131, 97, 29),
	(132, 97, 42),
	(133, 97, 50),
	(134, 98, 9),
	(135, 98, 10),
	(136, 98, 29),
	(137, 98, 50),
	(138, 99, 10),
	(139, 99, 22),
	(140, 99, 29),
	(141, 100, 42),
	(142, 100, 50),
	(143, 101, 9),
	(144, 101, 10),
	(145, 101, 50),
	(146, 102, 42),
	(147, 102, 50),
	(148, 103, 42),
	(149, 103, 50),
	(150, 104, 22),
	(151, 104, 29),
	(152, 105, 10),
	(153, 105, 50),
	(154, 106, 10),
	(155, 106, 50),
	(156, 107, 10),
	(157, 107, 50),
	(158, 108, 10),
	(159, 108, 50),
	(160, 109, 9),
	(161, 109, 10),
	(162, 109, 50),
	(163, 110, 10),
	(164, 110, 42),
	(165, 111, 42),
	(166, 111, 50),
	(167, 112, 10),
	(168, 112, 50),
	(169, 113, 22),
	(170, 113, 29),
	(171, 113, 50),
	(172, 114, 9),
	(173, 114, 10),
	(174, 114, 22),
	(175, 115, 10),
	(176, 115, 22),
	(177, 115, 29),
	(178, 116, 29),
	(179, 116, 42),
	(180, 117, 22),
	(181, 117, 50),
	(182, 118, 22),
	(183, 118, 29),
	(184, 118, 42),
	(185, 119, 10),
	(186, 119, 22),
	(187, 119, 50),
	(188, 120, 10),
	(189, 120, 50),
	(190, 121, 29),
	(191, 121, 42),
	(192, 121, 50),
	(193, 122, 29),
	(194, 122, 50),
	(195, 123, 22),
	(196, 123, 42),
	(197, 124, 10),
	(198, 124, 50),
	(199, 125, 29),
	(200, 125, 50),
	(201, 126, 10),
	(202, 126, 29),
	(203, 127, 9),
	(204, 127, 10),
	(205, 127, 50),
	(206, 128, 22),
	(207, 128, 42),
	(208, 129, 10),
	(209, 129, 50),
	(210, 130, 9),
	(211, 130, 50),
	(212, 131, 42),
	(213, 131, 50),
	(214, 132, 10),
	(215, 132, 50),
	(216, 133, 42),
	(217, 133, 50),
	(218, 134, 10),
	(219, 134, 50),
	(220, 135, 22),
	(221, 135, 42),
	(222, 136, 10),
	(223, 136, 42),
	(224, 137, 22),
	(225, 137, 42),
	(226, 138, 10),
	(227, 138, 42),
	(228, 139, 9),
	(229, 139, 42),
	(230, 140, 10),
	(231, 140, 22),
	(232, 141, 9),
	(233, 141, 29),
	(234, 141, 50),
	(235, 142, 10),
	(236, 142, 42),
	(237, 142, 50),
	(238, 143, 22),
	(239, 144, 29),
	(240, 144, 50),
	(241, 146, 10),
	(242, 146, 22),
	(243, 146, 50),
	(244, 147, 29),
	(245, 147, 42),
	(246, 148, 29),
	(247, 148, 50),
	(248, 149, 9),
	(249, 149, 10),
	(250, 149, 29),
	(251, 150, 10),
	(252, 150, 42),
	(253, 151, 10),
	(254, 151, 29),
	(255, 152, 9),
	(256, 152, 41),
	(257, 152, 60),
	(258, 153, 29),
	(259, 153, 42),
	(260, 154, 9),
	(261, 154, 29),
	(262, 154, 50),
	(263, 155, 10),
	(264, 155, 22),
	(265, 155, 29),
	(266, 156, 29),
	(267, 156, 42),
	(268, 156, 50),
	(269, 157, 42),
	(270, 157, 50),
	(271, 158, 29),
	(272, 158, 50),
	(273, 159, 9),
	(274, 159, 29),
	(275, 159, 50),
	(276, 160, 9),
	(277, 160, 29),
	(278, 160, 50),
	(279, 161, 9),
	(280, 161, 29),
	(281, 161, 50),
	(282, 162, 9),
	(283, 162, 22),
	(284, 163, 9),
	(285, 163, 22),
	(286, 163, 29),
	(287, 164, 9),
	(288, 164, 29),
	(289, 164, 50),
	(290, 165, 29),
	(291, 165, 50),
	(292, 166, 9),
	(293, 166, 29),
	(294, 166, 50),
	(295, 167, 10),
	(296, 167, 29),
	(297, 167, 50),
	(298, 168, 29),
	(299, 168, 50),
	(300, 169, 9),
	(301, 169, 29),
	(302, 169, 50),
	(303, 170, 9),
	(304, 170, 29),
	(305, 170, 50),
	(306, 171, 29),
	(307, 171, 50),
	(308, 172, 29),
	(309, 172, 50),
	(310, 173, 9),
	(311, 173, 50),
	(312, 174, 10),
	(313, 174, 29),
	(314, 174, 50),
	(315, 175, 22),
	(316, 175, 29),
	(317, 176, 29),
	(318, 176, 50),
	(319, 177, 10),
	(320, 177, 22),
	(321, 177, 29),
	(322, 178, 10),
	(323, 178, 22),
	(324, 178, 29),
	(325, 179, 9),
	(326, 179, 29),
	(327, 179, 50),
	(328, 180, 9),
	(329, 180, 29),
	(330, 180, 50),
	(331, 181, 9),
	(332, 181, 29),
	(333, 181, 50),
	(334, 182, 9),
	(335, 182, 29),
	(336, 182, 50),
	(337, 183, 29),
	(338, 183, 50),
	(339, 184, 29),
	(340, 184, 50),
	(341, 185, 10),
	(342, 185, 50),
	(343, 186, 22),
	(344, 186, 29),
	(345, 187, 22),
	(346, 187, 29),
	(347, 188, 9),
	(348, 188, 50),
	(349, 189, 22),
	(350, 189, 29),
	(351, 190, 29),
	(352, 190, 50),
	(353, 191, 29),
	(354, 191, 50),
	(355, 192, 10),
	(356, 192, 22),
	(357, 192, 29),
	(358, 192, 50),
	(359, 193, 10),
	(360, 193, 22),
	(361, 194, 22),
	(362, 194, 29),
	(363, 195, 10),
	(364, 195, 22),
	(365, 196, 10),
	(366, 196, 22),
	(367, 197, 10),
	(368, 197, 22),
	(369, 198, 10),
	(370, 198, 50),
	(371, 199, 22),
	(372, 199, 29),
	(373, 200, 10),
	(374, 200, 50),
	(375, 201, 29),
	(376, 201, 50),
	(377, 202, 29),
	(378, 202, 50),
	(379, 203, 29),
	(380, 203, 50),
	(381, 204, 29),
	(382, 204, 50),
	(383, 205, 29),
	(384, 205, 50),
	(385, 206, 29),
	(386, 206, 50),
	(387, 207, 9),
	(388, 207, 50),
	(389, 208, 29),
	(390, 208, 50),
	(391, 209, 9),
	(392, 209, 42),
	(393, 210, 9),
	(394, 210, 50),
	(395, 211, 22),
	(396, 211, 29),
	(397, 212, 29),
	(398, 212, 50),
	(399, 213, 22),
	(400, 213, 50),
	(401, 214, 22),
	(402, 214, 50),
	(403, 215, 22),
	(404, 215, 50),
	(405, 216, 22),
	(406, 216, 50),
	(407, 217, 10),
	(408, 217, 50),
	(409, 218, 10),
	(410, 218, 22),
	(411, 219, 10),
	(412, 219, 22),
	(413, 220, 22),
	(414, 220, 29),
	(415, 221, 10),
	(416, 221, 50),
	(417, 222, 10),
	(418, 222, 50),
	(419, 223, 42),
	(420, 223, 50),
	(421, 224, 22),
	(422, 224, 50),
	(423, 225, 10),
	(424, 225, 22),
	(425, 226, 10),
	(426, 226, 42),
	(427, 226, 50),
	(428, 227, 10),
	(429, 227, 22),
	(430, 229, 9),
	(431, 229, 10),
	(432, 229, 41),
	(433, 230, 29),
	(434, 230, 60),
	(435, 231, 9),
	(436, 231, 41),
	(437, 232, 29),
	(438, 232, 60),
	(439, 233, 29),
	(440, 233, 60),
	(441, 234, 29),
	(442, 234, 60),
	(443, 235, 41),
	(444, 235, 60),
	(445, 236, 29),
	(446, 236, 41),
	(447, 237, 9),
	(448, 237, 29),
	(449, 237, 41),
	(450, 238, 9),
	(451, 238, 60),
	(452, 239, 9),
	(453, 239, 29),
	(454, 239, 41),
	(455, 240, 29),
	(456, 240, 41),
	(457, 240, 43),
	(458, 241, 29),
	(459, 241, 41),
	(460, 242, 10),
	(461, 242, 41),
	(462, 242, 60),
	(463, 243, 10),
	(464, 243, 41),
	(465, 244, 29),
	(466, 244, 60),
	(467, 245, 9),
	(468, 245, 43),
	(469, 245, 60),
	(470, 246, 10),
	(471, 255, 10),
	(472, 255, 29),
	(473, 255, 41),
	(474, 255, 60),
	(475, 256, 10),
	(476, 257, 29),
	(477, 257, 41),
	(478, 258, 10),
	(479, 259, 9),
	(480, 259, 10),
	(481, 259, 29),
	(482, 259, 41),
	(483, 259, 43),
	(484, 260, 9),
	(485, 260, 10),
	(486, 260, 41),
	(487, 261, 10),
	(488, 261, 29),
	(489, 261, 60),
	(490, 262, 9),
	(491, 262, 10),
	(492, 263, 9),
	(493, 263, 29),
	(494, 263, 43),
	(495, 263, 60),
	(496, 264, 9),
	(497, 264, 10),
	(498, 264, 29),
	(499, 264, 60),
	(500, 265, 60),
	(501, 266, 10),
	(502, 267, 10),
	(503, 268, 10),
	(504, 269, 10),
	(505, 270, 10),
	(506, 271, 29),
	(507, 272, 10),
	(508, 273, 10),
	(515, 275, 10),
	(516, 275, 29),
	(517, 275, 29),
	(518, 275, 29),
	(519, 275, 29),
	(584, 274, 10),
	(585, 274, 10),
	(586, 274, 10),
	(587, 274, 10),
	(588, 274, 10),
	(589, 274, 10),
	(590, 274, 10),
	(591, 274, 10),
	(592, 274, 10),
	(615, 276, 10),
	(616, 276, 29),
	(617, 276, 9),
	(618, 276, 29),
	(619, 276, 60),
	(620, 277, 9),
	(621, 277, 29),
	(622, 277, 10),
	(625, 278, 42),
	(626, 278, 10),
	(627, 278, 60),
	(628, 278, 9),
	(629, 278, 29),
	(630, 278, 10),
	(631, 278, 42),
	(632, 278, 10),
	(633, 278, 29),
	(634, 278, 9),
	(635, 278, 60),
	(638, 279, 10),
	(639, 279, 9),
	(641, 280, 43),
	(643, 281, 29),
	(645, 282, 60),
	(647, 283, 29),
	(649, 284, 43),
	(651, 285, 43),
	(653, 286, 9),
	(655, 287, 43),
	(657, 288, 9),
	(662, 289, 10),
	(663, 289, 42),
	(664, 289, 29),
	(665, 289, 29),
	(666, 289, 29),
	(667, 289, 29),
	(668, 289, 29),
	(671, 290, 43),
	(672, 290, 29),
	(681, 291, 10),
	(682, 291, 42),
	(683, 291, 9),
	(684, 291, 9),
	(685, 291, 9),
	(686, 291, 9),
	(687, 292, 42),
	(688, 292, 10),
	(689, 292, 10),
	(690, 293, 43),
	(691, 294, 42),
	(692, 294, 42),
	(693, 294, 42),
	(694, 294, 42),
	(695, 294, 42),
	(696, 294, 42),
	(697, 294, 42),
	(698, 294, 42),
	(699, 294, 42),
	(707, 295, 10),
	(722, 301, 42),
	(723, 301, 10),
	(724, 302, 10),
	(725, 302, 9),
	(726, 302, 42),
	(727, 302, 43),
	(728, 302, 43),
	(729, 302, 43),
	(730, 302, 43),
	(731, 302, 43),
	(732, 302, 43),
	(733, 303, 42),
	(734, 303, 29),
	(739, 306, 60),
	(740, 306, 43),
	(741, 306, 42),
	(743, 307, 9),
	(744, 307, 9),
	(745, 307, 60),
	(757, 305, 9),
	(758, 305, 43),
	(759, 305, 43),
	(760, 305, 43),
	(761, 305, 43),
	(762, 305, 43),
	(763, 305, 43),
	(764, 305, 43),
	(765, 308, 43),
	(766, 308, 43),
	(767, 308, 43),
	(768, 308, 43),
	(769, 308, 43),
	(770, 308, 43),
	(771, 308, 43),
	(772, 308, 43),
	(773, 308, 43),
	(774, 308, 43),
	(775, 308, 43),
	(776, 308, 43),
	(777, 308, 43),
	(778, 308, 43),
	(779, 308, 43),
	(780, 308, 43),
	(781, 308, 43),
	(782, 309, 10),
	(783, 310, 29),
	(784, 310, 60),
	(792, 313, 22),
	(793, 314, 22),
	(794, 314, 10),
	(797, 315, 22),
	(798, 315, 42),
	(799, 316, 42),
	(800, 316, 50),
	(801, 316, 50),
	(802, 316, 10),
	(805, 317, 29),
	(809, 318, 43),
	(811, 320, 50),
	(812, 319, 29),
	(813, 319, 10),
	(818, 321, 29),
	(821, 322, 50),
	(822, 322, 29),
	(833, 323, 22),
	(834, 323, 22),
	(835, 323, 22),
	(836, 323, 22),
	(843, 324, 50),
	(844, 324, 10),
	(845, 324, 10),
	(846, 324, 10),
	(847, 324, 29),
	(848, 324, 50),
	(849, 324, 22),
	(850, 324, 22),
	(860, 325, 43),
	(861, 325, 43),
	(862, 325, 43),
	(863, 325, 50),
	(864, 325, 29),
	(865, 326, 42),
	(866, 326, 10),
	(872, 327, 42),
	(873, 327, 22),
	(874, 327, 42),
	(879, 328, 22),
	(880, 328, 50),
	(881, 328, 50),
	(882, 329, 43),
	(883, 329, 22),
	(890, 330, 22),
	(891, 330, 50),
	(892, 331, 42),
	(898, 332, 50),
	(899, 332, 42),
	(900, 332, 50),
	(901, 332, 22),
	(904, 333, 22),
	(905, 333, 29),
	(906, 333, 22),
	(914, 334, 50),
	(915, 334, 42),
	(916, 334, 22),
	(917, 334, 22),
	(918, 334, 43),
	(919, 335, 22),
	(923, 337, 22),
	(924, 337, 50),
	(925, 337, 42),
	(929, 338, 50),
	(930, 338, 42),
	(931, 338, 22),
	(932, 338, 29),
	(933, 336, 50),
	(934, 336, 29),
	(935, 336, 22),
	(936, 336, 22),
	(937, 336, 50),
	(940, 339, 50),
	(941, 339, 42),
	(947, 340, 43),
	(953, 341, 42),
	(954, 341, 50),
	(955, 341, 10),
	(956, 341, 29),
	(957, 342, 43),
	(958, 342, 22),
	(959, 342, 50),
	(960, 342, 42),
	(961, 342, 10),
	(962, 342, 29),
	(965, 343, 50),
	(966, 343, 42),
	(967, 343, 10),
	(972, 344, 22),
	(973, 344, 10),
	(974, 344, 29),
	(975, 344, 29),
	(978, 345, 42),
	(979, 345, 9),
	(983, 346, 73),
	(984, 346, 4),
	(985, 346, 63),
	(989, 347, 42),
	(990, 347, 73),
	(991, 347, 23),
	(994, 348, 4),
	(995, 348, 63),
	(996, 348, 42),
	(997, 349, 42),
	(998, 349, 4),
	(1001, 350, 23),
	(1002, 350, 63),
	(1008, 351, 40),
	(1009, 351, 4),
	(1010, 351, 42),
	(1011, 351, 73),
	(1012, 352, 73),
	(1013, 352, 4),
	(1017, 353, 43),
	(1018, 353, 50),
	(1019, 353, 13),
	(1020, 354, 50),
	(1021, 354, 9),
	(1022, 354, 13),
	(1023, 354, 15),
	(1027, 355, 50),
	(1028, 355, 13),
	(1029, 355, 9),
	(1039, 356, 43),
	(1040, 356, 41),
	(1041, 356, 13),
	(1046, 357, 43),
	(1047, 357, 50),
	(1048, 357, 41),
	(1049, 357, 15),
	(1098, 358, 50),
	(1099, 358, 13),
	(1103, 359, 50),
	(1104, 359, 13),
	(1111, 360, 50),
	(1112, 360, 13),
	(1116, 361, 50),
	(1117, 361, 13),
	(1118, 362, 50),
	(1119, 362, 9),
	(1120, 362, 41),
	(1121, 362, 13),
	(1122, 362, 15),
	(1123, 362, 43),
	(1130, 363, 43),
	(1131, 363, 50),
	(1132, 363, 13),
	(1133, 363, 15),
	(1140, 364, 43),
	(1141, 364, 50),
	(1142, 364, 13),
	(1143, 364, 15),
	(1150, 365, 43),
	(1151, 365, 50),
	(1152, 365, 13),
	(1153, 365, 15),
	(1154, 366, 43),
	(1155, 366, 50),
	(1156, 366, 9),
	(1157, 366, 41),
	(1158, 366, 13),
	(1159, 366, 15),
	(1160, 367, 50),
	(1161, 367, 9),
	(1162, 368, 50),
	(1163, 368, 41),
	(1164, 368, 15),
	(1165, 369, 43),
	(1166, 369, 41),
	(1167, 369, 15),
	(1168, 370, 43),
	(1169, 370, 50),
	(1170, 370, 41),
	(1171, 371, 43),
	(1172, 371, 9),
	(1173, 371, 41),
	(1174, 371, 15),
	(1175, 372, 43),
	(1176, 372, 50),
	(1177, 372, 9),
	(1183, 373, 9),
	(1184, 373, 41),
	(1185, 373, 13),
	(1186, 373, 15),
	(1190, 374, 13),
	(1194, 375, 43),
	(1195, 375, 13),
	(1200, 376, 41),
	(1201, 376, 13),
	(1202, 376, 43),
	(1205, 377, 9),
	(1206, 377, 13),
	(1207, 378, 43),
	(1208, 378, 9),
	(1213, 379, 9),
	(1214, 379, 41),
	(1215, 380, 15),
	(1216, 380, 15),
	(1217, 380, 41),
	(1221, 381, 50),
	(1222, 381, 15),
	(1237, 384, 41),
	(1238, 384, 15),
	(1243, 386, 50),
	(1244, 386, 15),
	(1245, 386, 15),
	(1246, 386, 15),
	(1247, 387, 9),
	(1251, 388, 50),
	(1252, 388, 15),
	(1258, 389, 43),
	(1265, 390, 9),
	(1266, 390, 15),
	(1270, 391, 15),
	(1271, 391, 13),
	(1278, 392, 43),
	(1279, 392, 15),
	(1286, 393, 43),
	(1287, 393, 15),
	(1288, 394, 50),
	(1289, 394, 9),
	(1290, 394, 41),
	(1291, 394, 13),
	(1292, 395, 43),
	(1293, 396, 43),
	(1294, 396, 50),
	(1295, 397, 43),
	(1296, 398, 43),
	(1297, 399, 43),
	(1298, 400, 43),
	(1299, 401, 43),
	(1300, 402, 43),
	(1306, 404, 50),
	(1307, 404, 41),
	(1308, 403, 13),
	(1309, 403, 13),
	(1310, 405, 43),
	(1311, 405, 50),
	(1312, 405, 9),
	(1313, 405, 13),
	(1316, 406, 43),
	(1327, 409, 43),
	(1328, 409, 50),
	(1331, 410, 50),
	(1332, 410, 41),
	(1333, 408, 43),
	(1334, 407, 9),
	(1335, 407, 13),
	(1336, 407, 9),
	(1337, 407, 41),
	(1342, 411, 50),
	(1343, 412, 50),
	(1344, 412, 9),
	(1347, 413, 50),
	(1348, 413, 9),
	(1349, 413, 15),
	(1355, 415, 43),
	(1356, 415, 9),
	(1359, 416, 50),
	(1360, 414, 50),
	(1361, 414, 41),
	(1364, 417, 50),
	(1365, 418, 50),
	(1366, 418, 41),
	(1367, 418, 41),
	(1370, 419, 41),
	(1371, 419, 13),
	(1372, 420, 41),
	(1373, 420, 9),
	(1374, 420, 50),
	(1381, 421, 9),
	(1382, 422, 41),
	(1387, 423, 9),
	(1389, 424, 43),
	(1390, 424, 50),
	(1391, 424, 15),
	(1394, 425, 43),
	(1395, 426, 41),
	(1396, 426, 50),
	(1397, 427, 50),
	(1398, 427, 13),
	(1402, 428, 50),
	(1403, 428, 13),
	(1404, 429, 43),
	(1405, 429, 15),
	(1406, 429, 15),
	(1409, 430, 50),
	(1410, 430, 9),
	(1413, 431, 50),
	(1424, 434, 41),
	(1425, 434, 50),
	(1429, 435, 9),
	(1430, 435, 15),
	(1436, 436, 9),
	(1440, 437, 50),
	(1441, 437, 13),
	(1442, 438, 43),
	(1443, 438, 9),
	(1444, 438, 41),
	(1445, 439, 9),
	(1446, 439, 15),
	(1447, 440, 41),
	(1448, 440, 15),
	(1449, 440, 9),
	(1450, 441, 43),
	(1451, 441, 50),
	(1452, 441, 15),
	(1453, 442, 43),
	(1454, 442, 50),
	(1455, 442, 41),
	(1456, 443, 43),
	(1457, 443, 41),
	(1458, 443, 9),
	(1459, 444, 43),
	(1460, 444, 9),
	(1461, 444, 41),
	(1462, 445, 43),
	(1463, 445, 9),
	(1464, 445, 41),
	(1465, 446, 50),
	(1466, 446, 9),
	(1467, 446, 41),
	(1468, 447, 50),
	(1469, 447, 9),
	(1470, 447, 41),
	(1471, 448, 43),
	(1472, 448, 9),
	(1473, 449, 50),
	(1474, 449, 9),
	(1475, 449, 41),
	(1476, 450, 50),
	(1477, 450, 9),
	(1478, 450, 41),
	(1479, 451, 50),
	(1480, 451, 9),
	(1481, 451, 41),
	(1482, 452, 9),
	(1483, 452, 41),
	(1484, 453, 50),
	(1485, 453, 9),
	(1486, 454, 43),
	(1487, 454, 50),
	(1488, 454, 50),
	(1489, 454, 9),
	(1490, 455, 9),
	(1491, 455, 41),
	(1492, 455, 13),
	(1493, 456, 43),
	(1494, 456, 41),
	(1495, 456, 13),
	(1496, 457, 41),
	(1497, 457, 13),
	(1498, 457, 15),
	(1499, 458, 43),
	(1500, 458, 9),
	(1501, 458, 41),
	(1502, 459, 50),
	(1503, 459, 41),
	(1504, 459, 13),
	(1507, 460, 43),
	(1508, 460, 13),
	(1509, 461, 43),
	(1510, 461, 9),
	(1511, 461, 13),
	(1512, 462, 50),
	(1513, 462, 41),
	(1514, 462, 13),
	(1515, 463, 50),
	(1516, 463, 9),
	(1517, 463, 13),
	(1518, 463, 15),
	(1522, 464, 50),
	(1523, 464, 41),
	(1524, 464, 15),
	(1525, 465, 50),
	(1526, 465, 9),
	(1527, 465, 41),
	(1528, 465, 41),
	(1532, 466, 50),
	(1533, 466, 41),
	(1534, 466, 15),
	(1538, 467, 15),
	(1539, 468, 43),
	(1540, 468, 9),
	(1541, 468, 13),
	(1542, 468, 15),
	(1543, 469, 50),
	(1544, 469, 13),
	(1551, 470, 43),
	(1552, 470, 50),
	(1553, 470, 9),
	(1554, 470, 41),
	(1555, 470, 13),
	(1556, 470, 15),
	(1559, 471, 43),
	(1560, 471, 41),
	(1563, 472, 50),
	(1564, 472, 41),
	(1567, 473, 41),
	(1570, 474, 43),
	(1571, 474, 41),
	(1575, 475, 50),
	(1576, 475, 13),
	(1580, 476, 43),
	(1581, 476, 41),
	(1582, 476, 15),
	(1586, 477, 43),
	(1587, 477, 41),
	(1588, 477, 15),
	(1592, 478, 50),
	(1593, 478, 41),
	(1594, 478, 15),
	(1611, 479, 50),
	(1612, 479, 9),
	(1613, 479, 41),
	(1614, 479, 13),
	(1618, 480, 50),
	(1619, 480, 41),
	(1620, 480, 13),
	(1637, 481, 43),
	(1638, 481, 13),
	(1639, 481, 15),
	(1646, 482, 43),
	(1647, 482, 50),
	(1648, 482, 9),
	(1649, 483, 43),
	(1650, 483, 41),
	(1653, 484, 43),
	(1654, 484, 43),
	(1655, 484, 43),
	(1656, 484, 43),
	(1661, 485, 50),
	(1662, 485, 9),
	(1663, 485, 41),
	(1664, 485, 13),
	(1673, 486, 43),
	(1674, 486, 41),
	(1675, 486, 15),
	(1676, 487, 43),
	(1677, 487, 41),
	(1678, 487, 13),
	(1679, 487, 15),
	(1684, 488, 43),
	(1685, 488, 13),
	(1689, 489, 50),
	(1690, 489, 41),
	(1691, 489, 13),
	(1695, 490, 50),
	(1696, 490, 15),
	(1703, 491, 15),
	(1712, 492, 43),
	(1713, 492, 9),
	(1714, 492, 13),
	(1717, 493, 50),
	(1718, 493, 41),
	(1719, 493, 41),
	(1722, 494, 43),
	(1729, 495, 50),
	(1730, 495, 15),
	(1734, 496, 50),
	(1735, 496, 41),
	(1736, 496, 13),
	(1749, 498, 43),
	(1750, 498, 15),
	(1751, 497, 43),
	(1752, 497, 13),
	(1755, 499, 50),
	(1760, 500, 43),
	(1761, 500, 15),
	(1765, 501, 43),
	(1766, 501, 41),
	(1767, 501, 13),
	(1768, 502, 43),
	(1769, 502, 41),
	(1770, 502, 13),
	(1771, 503, 50),
	(1772, 503, 41),
	(1773, 503, 13),
	(1774, 503, 15),
	(1775, 504, 50),
	(1776, 504, 41),
	(1777, 504, 15),
	(1778, 505, 43),
	(1779, 505, 9),
	(1780, 505, 41),
	(1781, 505, 13),
	(1786, 506, 50),
	(1787, 506, 41),
	(1788, 506, 13),
	(1789, 506, 15),
	(1794, 507, 50),
	(1795, 507, 15),
	(1800, 508, 43),
	(1801, 508, 9),
	(1802, 508, 41),
	(1803, 508, 13),
	(1813, 509, 15),
	(1818, 510, 50),
	(1819, 510, 13),
	(1850, 511, 43),
	(1851, 511, 9),
	(1852, 511, 13),
	(1856, 512, 50),
	(1857, 512, 41),
	(1858, 512, 15),
	(1865, 513, 13),
	(1866, 514, 50),
	(1867, 514, 41),
	(1868, 514, 13),
	(1869, 514, 15),
	(1870, 515, 50),
	(1871, 515, 15),
	(1880, 516, 50),
	(1881, 516, 41),
	(1882, 516, 13),
	(1883, 516, 15),
	(1888, 517, 9),
	(1889, 517, 41),
	(1890, 517, 13),
	(1891, 517, 15),
	(1900, 518, 50),
	(1901, 518, 9),
	(1902, 518, 13),
	(1903, 518, 15),
	(1908, 519, 50),
	(1909, 519, 41),
	(1910, 519, 13),
	(1911, 519, 15),
	(1932, 521, 50),
	(1933, 521, 15),
	(1941, 522, 43),
	(1942, 522, 9),
	(1943, 522, 13),
	(1945, 520, 20),
	(1956, 524, 50),
	(1957, 524, 13),
	(1963, 525, 43),
	(1972, 526, 50),
	(1978, 527, 43),
	(1979, 527, 15),
	(1981, 528, 43),
	(1982, 528, 9),
	(1983, 528, 13),
	(1984, 528, 15),
	(1987, 523, 50),
	(1993, 529, 15),
	(1996, 530, 9),
	(1997, 530, 15),
	(1998, 530, 15),
	(2002, 531, 9),
	(2003, 531, 15),
	(2008, 532, 43),
	(2009, 532, 13),
	(2013, 533, 50),
	(2014, 533, 41),
	(2015, 533, 13),
	(2021, 534, 15),
	(2025, 535, 50),
	(2026, 535, 13),
	(2030, 536, 9),
	(2031, 536, 15),
	(2034, 537, 9),
	(2035, 537, 13),
	(2039, 538, 9),
	(2040, 538, 15),
	(2046, 539, 43),
	(2047, 539, 9),
	(2048, 539, 13),
	(2052, 540, 50),
	(2053, 540, 13),
	(2057, 541, 43),
	(2061, 543, 50),
	(2062, 543, 13),
	(2063, 544, 50),
	(2064, 544, 13),
	(2071, 545, 9),
	(2072, 545, 15),
	(2076, 546, 50),
	(2077, 546, 13),
	(2078, 547, 41),
	(2079, 547, 13),
	(2084, 542, 9),
	(2085, 542, 13),
	(2086, 542, 15),
	(2087, 542, 15),
	(2088, 548, 50),
	(2089, 548, 41),
	(2092, 549, 50),
	(2093, 549, 50),
	(2094, 549, 9),
	(2095, 550, 50),
	(2096, 550, 41),
	(2097, 550, 13),
	(2100, 551, 43),
	(2104, 552, 13),
	(2110, 554, 50),
	(2111, 553, 41),
	(2112, 553, 41),
	(2113, 555, 50),
	(2114, 555, 9),
	(2115, 556, 43),
	(2116, 556, 9),
	(2117, 557, 50),
	(2118, 557, 9),
	(2119, 557, 13),
	(2120, 558, 50),
	(2121, 558, 41),
	(2125, 559, 13),
	(2129, 560, 9),
	(2130, 560, 13),
	(2134, 561, 43),
	(2138, 562, 43),
	(2139, 562, 9),
	(2140, 562, 41),
	(2161, 563, 41),
	(2162, 563, 50),
	(2163, 564, 50),
	(2164, 564, 15),
	(2166, 565, 13),
	(2167, 565, 15),
	(2168, 565, 43),
	(2172, 566, 50),
	(2173, 566, 13),
	(2177, 567, 50),
	(2178, 567, 13),
	(2188, 569, 50),
	(2189, 569, 13),
	(2193, 570, 41),
	(2194, 570, 13),
	(2198, 571, 50),
	(2199, 571, 9),
	(2205, 572, 13),
	(2206, 568, 9),
	(2211, 573, 41),
	(2212, 573, 41),
	(2216, 574, 50),
	(2217, 574, 41),
	(2220, 575, 59),
	(2221, 575, 15);
/*!40000 ALTER TABLE `DetallePedido` ENABLE KEYS */;

-- Volcando estructura para tabla Cantina.Menu
CREATE TABLE IF NOT EXISTS `Menu` (
  `IdMenu` int(11) NOT NULL AUTO_INCREMENT,
  `Fecha` date NOT NULL,
  `IdComposicion` int(11) NOT NULL,
  PRIMARY KEY (`IdMenu`),
  KEY `FK_IdComposicion` (`IdComposicion`),
  CONSTRAINT `FK_IdComposicion` FOREIGN KEY (`IdComposicion`) REFERENCES `Composicion` (`IdComposicion`) ON UPDATE CASCADE
) ENGINE=InnoDB AUTO_INCREMENT=172 DEFAULT CHARSET=utf8;

-- Volcando datos para la tabla Cantina.Menu: ~126 rows (aproximadamente)
/*!40000 ALTER TABLE `Menu` DISABLE KEYS */;
INSERT INTO `Menu` (`IdMenu`, `Fecha`, `IdComposicion`) VALUES
	(1, '2021-05-17', 1),
	(2, '2021-05-17', 2),
	(3, '2021-05-17', 3),
	(4, '2021-05-17', 4),
	(5, '2021-05-17', 5),
	(6, '2021-05-17', 6),
	(7, '2021-05-18', 2),
	(8, '2021-05-18', 3),
	(9, '2021-05-18', 4),
	(10, '2021-05-18', 5),
	(11, '2021-05-18', 6),
	(12, '2021-05-18', 7),
	(16, '2021-05-21', 1),
	(17, '2021-05-21', 2),
	(18, '2021-05-21', 3),
	(19, '2021-05-21', 4),
	(20, '2021-05-21', 5),
	(21, '2021-05-21', 6),
	(22, '2021-05-22', 1),
	(23, '2021-05-22', 2),
	(24, '2021-05-22', 3),
	(25, '2021-05-22', 4),
	(26, '2021-05-22', 5),
	(27, '2021-05-22', 6),
	(28, '2021-05-23', 29),
	(29, '2021-05-23', 24),
	(30, '2021-05-23', 25),
	(31, '2021-05-23', 26),
	(32, '2021-05-23', 27),
	(33, '2021-05-23', 28),
	(34, '2021-05-24', 1),
	(35, '2021-05-24', 2),
	(36, '2021-05-24', 3),
	(37, '2021-05-24', 4),
	(38, '2021-05-24', 5),
	(39, '2021-05-24', 6),
	(40, '2021-05-25', 1),
	(41, '2021-05-25', 2),
	(42, '2021-05-25', 3),
	(43, '2021-05-25', 4),
	(44, '2021-05-25', 6),
	(45, '2021-05-25', 8),
	(52, '2021-05-26', 1),
	(53, '2021-05-26', 2),
	(54, '2021-05-26', 5),
	(55, '2021-05-26', 6),
	(56, '2021-05-26', 12),
	(57, '2021-05-26', 13),
	(64, '2021-05-27', 28),
	(65, '2021-05-27', 29),
	(66, '2021-05-27', 38),
	(67, '2021-05-27', 39),
	(68, '2021-05-27', 40),
	(69, '2021-05-27', 41),
	(70, '2021-05-29', 31),
	(71, '2021-05-29', 43),
	(72, '2021-05-29', 22),
	(73, '2021-05-29', 50),
	(74, '2021-05-29', 42),
	(75, '2021-05-29', 10),
	(76, '2021-05-30', 22),
	(77, '2021-05-30', 50),
	(78, '2021-05-30', 42),
	(79, '2021-05-30', 10),
	(80, '2021-05-30', 29),
	(81, '2021-05-30', 9),
	(82, '2021-05-31', 41),
	(83, '2021-05-31', 60),
	(84, '2021-05-31', 9),
	(85, '2021-05-31', 29),
	(86, '2021-05-31', 10),
	(87, '2021-05-31', 42),
	(106, '2021-06-01', 41),
	(107, '2021-06-01', 60),
	(108, '2021-06-01', 9),
	(109, '2021-06-01', 29),
	(110, '2021-06-01', 10),
	(111, '2021-06-01', 42),
	(112, '2021-06-02', 22),
	(113, '2021-06-02', 50),
	(114, '2021-06-02', 42),
	(115, '2021-06-02', 10),
	(116, '2021-06-02', 29),
	(117, '2021-06-02', 9),
	(118, '2021-06-03', 10),
	(119, '2021-06-03', 29),
	(120, '2021-06-03', 9),
	(121, '2021-06-03', 60),
	(122, '2021-06-03', 41),
	(123, '2021-06-03', 43),
	(124, '2021-06-04', 42),
	(125, '2021-06-04', 10),
	(126, '2021-06-04', 29),
	(127, '2021-06-04', 9),
	(128, '2021-06-04', 60),
	(129, '2021-06-04', 43),
	(130, '2021-06-05', 43),
	(131, '2021-06-05', 22),
	(132, '2021-06-05', 50),
	(133, '2021-06-05', 42),
	(134, '2021-06-05', 10),
	(135, '2021-06-05', 29),
	(136, '2021-06-06', 22),
	(137, '2021-06-06', 50),
	(138, '2021-06-06', 42),
	(139, '2021-06-06', 10),
	(140, '2021-06-06', 29),
	(141, '2021-06-06', 9),
	(142, '2021-06-08', 40),
	(143, '2021-06-08', 42),
	(144, '2021-06-08', 73),
	(145, '2021-06-08', 4),
	(146, '2021-06-08', 23),
	(147, '2021-06-08', 63),
	(148, '2021-06-09', 43),
	(149, '2021-06-09', 50),
	(150, '2021-06-09', 9),
	(151, '2021-06-09', 41),
	(152, '2021-06-09', 13),
	(153, '2021-06-09', 15),
	(154, '2021-06-10', 68),
	(155, '2021-06-10', 59),
	(156, '2021-06-10', 7),
	(157, '2021-06-10', 26),
	(158, '2021-06-10', 15),
	(159, '2021-06-10', 11),
	(166, '2021-09-06', 10),
	(167, '2021-09-06', 43),
	(168, '2021-09-06', 9),
	(169, '2021-09-06', 39),
	(170, '2021-09-06', 13),
	(171, '2021-09-06', 15);
/*!40000 ALTER TABLE `Menu` ENABLE KEYS */;

-- Volcando estructura para tabla Cantina.Pedido
CREATE TABLE IF NOT EXISTS `Pedido` (
  `IdPedido` int(11) NOT NULL AUTO_INCREMENT,
  `FechaServicio` datetime NOT NULL,
  `Servido` bit(1) NOT NULL,
  `IdEmpleado` int(11) NOT NULL,
  PRIMARY KEY (`IdPedido`)
) ENGINE=InnoDB AUTO_INCREMENT=576 DEFAULT CHARSET=utf8;

-- Volcando datos para la tabla Cantina.Pedido: ~535 rows (aproximadamente)
/*!40000 ALTER TABLE `Pedido` DISABLE KEYS */;
INSERT INTO `Pedido` (`IdPedido`, `FechaServicio`, `Servido`, `IdEmpleado`) VALUES
	(18, '2021-04-04 14:00:00', b'1', 446),
	(19, '2021-04-04 14:00:00', b'1', 446),
	(20, '2021-04-04 14:00:00', b'1', 446),
	(21, '2021-04-04 14:00:00', b'1', 446),
	(22, '2021-04-04 14:00:00', b'1', 446),
	(23, '2021-04-05 14:00:00', b'1', 446),
	(24, '2021-04-05 14:00:00', b'1', 446),
	(25, '2021-04-05 14:00:00', b'1', 446),
	(26, '2021-04-06 14:00:00', b'1', 446),
	(27, '2021-04-06 14:00:00', b'1', 446),
	(28, '2021-04-06 14:00:00', b'1', 446),
	(29, '2021-04-06 14:00:00', b'1', 446),
	(30, '2021-04-06 14:00:00', b'1', 446),
	(31, '2021-04-06 14:00:00', b'1', 446),
	(32, '2021-04-06 14:00:00', b'1', 446),
	(33, '2021-04-12 14:00:00', b'1', 446),
	(34, '2021-04-12 14:00:00', b'1', 446),
	(35, '2021-04-12 14:00:00', b'1', 446),
	(36, '2021-04-12 14:00:00', b'1', 446),
	(37, '2021-04-12 14:00:00', b'1', 446),
	(38, '2021-04-12 14:00:00', b'1', 446),
	(39, '2021-04-12 14:00:00', b'1', 446),
	(40, '2021-04-12 14:00:00', b'1', 446),
	(41, '2021-04-12 14:00:00', b'1', 446),
	(42, '2021-04-17 14:00:00', b'1', 446),
	(43, '2021-04-17 14:00:00', b'1', 446),
	(44, '2021-04-19 14:00:00', b'1', 446),
	(45, '2021-04-19 14:00:00', b'1', 446),
	(46, '2021-04-19 14:00:00', b'1', 446),
	(47, '2021-04-19 14:00:00', b'1', 446),
	(48, '2021-04-19 14:00:00', b'1', 446),
	(49, '2021-04-19 14:00:00', b'1', 446),
	(50, '2021-04-19 14:00:00', b'1', 446),
	(51, '2021-04-19 14:00:00', b'1', 446),
	(52, '2021-04-19 14:00:00', b'1', 446),
	(53, '2021-04-19 14:00:00', b'1', 446),
	(54, '2021-04-19 14:00:00', b'1', 446),
	(55, '2021-04-19 14:00:00', b'1', 446),
	(56, '2021-04-19 14:00:00', b'1', 446),
	(57, '2021-04-19 14:00:00', b'1', 446),
	(58, '2021-04-19 14:00:00', b'1', 446),
	(59, '2021-04-19 14:00:00', b'1', 446),
	(60, '2021-04-23 14:00:00', b'1', 446),
	(61, '2021-04-23 14:00:00', b'1', 446),
	(62, '2021-04-23 14:00:00', b'1', 446),
	(63, '2021-04-23 14:00:00', b'1', 446),
	(64, '2021-04-23 14:00:00', b'1', 446),
	(65, '2021-04-23 14:00:00', b'1', 446),
	(66, '2021-04-23 14:00:00', b'1', 446),
	(67, '2021-04-23 14:00:00', b'1', 446),
	(68, '2021-04-23 14:00:00', b'1', 446),
	(69, '2021-04-23 14:00:00', b'1', 446),
	(70, '2021-04-23 14:00:00', b'1', 446),
	(71, '2021-04-23 14:00:00', b'1', 446),
	(72, '2021-04-23 14:00:00', b'1', 446),
	(73, '2021-04-23 14:00:00', b'1', 446),
	(74, '2021-04-24 14:00:00', b'1', 446),
	(75, '2021-04-24 14:00:00', b'1', 446),
	(76, '2021-05-03 14:00:00', b'1', 446),
	(77, '2021-05-03 14:00:00', b'1', 446),
	(78, '2021-05-03 14:00:00', b'1', 446),
	(79, '2021-05-03 14:00:00', b'1', 446),
	(80, '2021-05-03 14:00:00', b'1', 446),
	(81, '2021-05-03 14:00:00', b'1', 446),
	(82, '2021-05-03 14:00:00', b'1', 1),
	(83, '2021-05-03 14:00:00', b'1', 1),
	(84, '2021-05-03 14:00:00', b'1', 1),
	(85, '2021-05-03 14:00:00', b'1', 3),
	(86, '2021-05-03 14:00:00', b'1', 3),
	(87, '2021-05-03 14:00:00', b'1', 3),
	(88, '2021-05-03 14:00:00', b'1', 3),
	(89, '2021-05-03 14:00:00', b'1', 3),
	(90, '2021-05-03 14:00:00', b'1', 1),
	(91, '2021-05-03 14:00:00', b'1', 1),
	(92, '2021-05-03 14:00:00', b'1', 1),
	(93, '2021-05-03 14:00:00', b'1', 1),
	(94, '2021-05-03 14:00:00', b'1', 1),
	(95, '2021-05-03 14:00:00', b'1', 1),
	(96, '2021-05-03 14:00:00', b'1', 1),
	(97, '2021-05-03 14:00:00', b'1', 1),
	(98, '2021-05-03 14:00:00', b'1', 1),
	(99, '2021-05-03 14:00:00', b'1', 1),
	(100, '2021-05-03 14:00:00', b'1', 1),
	(101, '2021-05-03 14:00:00', b'1', 1),
	(102, '2021-05-03 14:00:00', b'1', 1),
	(103, '2021-05-03 14:00:00', b'1', 1),
	(104, '2021-05-03 14:00:00', b'1', 1),
	(105, '2021-05-03 14:00:00', b'1', 1),
	(106, '2021-05-03 14:00:00', b'1', 1),
	(107, '2021-05-03 14:00:00', b'1', 1),
	(108, '2021-05-03 14:00:00', b'1', 3),
	(109, '2021-05-03 14:00:00', b'1', 1),
	(110, '2021-05-03 14:00:00', b'1', 1),
	(111, '2021-05-03 14:00:00', b'1', 1),
	(112, '2021-05-03 14:00:00', b'1', 1),
	(113, '2021-05-03 14:00:00', b'1', 1),
	(114, '2021-05-03 14:00:00', b'1', 1),
	(115, '2021-05-03 14:00:00', b'1', 1),
	(116, '2021-05-03 14:00:00', b'1', 1),
	(117, '2021-05-03 14:00:00', b'1', 1),
	(118, '2021-05-03 14:00:00', b'1', 1),
	(119, '2021-05-03 14:00:00', b'1', 1),
	(120, '2021-05-03 14:00:00', b'1', 1),
	(121, '2021-05-03 14:00:00', b'1', 1),
	(122, '2021-05-03 14:00:00', b'1', 1),
	(123, '2021-05-03 14:00:00', b'1', 1),
	(124, '2021-05-03 14:00:00', b'1', 1),
	(125, '2021-05-12 14:00:00', b'1', 1),
	(126, '2021-05-12 14:00:00', b'1', 1),
	(127, '2021-05-12 14:00:00', b'1', 1),
	(128, '2021-05-12 14:00:00', b'1', 1),
	(129, '2021-05-12 14:00:00', b'1', 1),
	(130, '2021-05-12 14:00:00', b'1', 1),
	(131, '2021-05-12 14:00:00', b'1', 1),
	(132, '2021-05-12 14:00:00', b'1', 1),
	(133, '2021-05-12 14:00:00', b'1', 1),
	(134, '2021-05-12 14:00:00', b'1', 1),
	(135, '2021-05-12 14:00:00', b'1', 1),
	(136, '2021-05-12 14:00:00', b'1', 1),
	(137, '2021-05-12 14:00:00', b'1', 1),
	(138, '2021-05-12 14:00:00', b'1', 1),
	(139, '2021-05-12 14:00:00', b'1', 1),
	(140, '2021-05-12 14:00:00', b'1', 1),
	(141, '2021-05-12 14:00:00', b'1', 1),
	(142, '2021-05-12 14:00:00', b'1', 1),
	(143, '2021-05-12 14:00:00', b'1', 1),
	(144, '2021-05-12 14:00:00', b'1', 1),
	(145, '2021-05-12 14:00:00', b'1', 1),
	(146, '2021-05-12 14:00:00', b'1', 1),
	(147, '2021-05-12 14:00:00', b'1', 1),
	(148, '2021-05-12 14:00:00', b'1', 1),
	(149, '2021-05-12 14:00:00', b'1', 1),
	(150, '2021-05-12 14:00:00', b'1', 1),
	(151, '2021-05-12 14:00:00', b'1', 1),
	(152, '2021-05-15 14:00:00', b'1', 1),
	(153, '2021-05-15 14:00:00', b'1', 1),
	(154, '2021-05-15 14:00:00', b'1', 1),
	(155, '2021-05-15 14:00:00', b'1', 1),
	(156, '2021-05-15 14:00:00', b'1', 1),
	(157, '2021-05-15 14:00:00', b'1', 1),
	(158, '2021-05-15 14:00:00', b'1', 1),
	(159, '2021-05-15 14:00:00', b'1', 1),
	(160, '2021-05-15 14:00:00', b'1', 1),
	(161, '2021-05-15 14:00:00', b'1', 1),
	(162, '2021-05-15 14:00:00', b'1', 1),
	(163, '2021-05-15 14:00:00', b'1', 1),
	(164, '2021-05-15 14:00:00', b'1', 1),
	(165, '2021-05-15 14:00:00', b'1', 1),
	(166, '2021-05-15 14:00:00', b'1', 1),
	(167, '2021-05-15 14:00:00', b'1', 1),
	(168, '2021-05-15 14:00:00', b'1', 1),
	(169, '2021-05-15 14:00:00', b'1', 1),
	(170, '2021-05-15 14:00:00', b'1', 1),
	(171, '2021-05-15 14:00:00', b'1', 1),
	(172, '2021-05-15 14:00:00', b'1', 1),
	(173, '2021-05-15 14:00:00', b'1', 1),
	(174, '2021-05-15 14:00:00', b'1', 1),
	(175, '2021-05-15 14:00:00', b'1', 1),
	(176, '2021-05-15 14:00:00', b'1', 1),
	(177, '2021-05-17 14:00:00', b'1', 1),
	(178, '2021-05-17 14:00:00', b'1', 1),
	(179, '2021-05-17 14:00:00', b'1', 1),
	(180, '2021-05-17 14:00:00', b'1', 1),
	(181, '2021-05-17 14:00:00', b'1', 1),
	(182, '2021-05-17 14:00:00', b'1', 1),
	(183, '2021-05-17 14:00:00', b'1', 1),
	(184, '2021-05-17 14:00:00', b'1', 1),
	(185, '2021-05-17 14:00:00', b'1', 1),
	(186, '2021-05-17 14:00:00', b'1', 1),
	(187, '2021-05-17 14:00:00', b'1', 1),
	(188, '2021-05-17 14:00:00', b'1', 1),
	(189, '2021-05-17 14:00:00', b'1', 1),
	(190, '2021-05-17 14:00:00', b'1', 1),
	(191, '2021-05-17 14:00:00', b'1', 1),
	(192, '2021-05-17 14:00:00', b'1', 1),
	(193, '2021-05-17 14:00:00', b'1', 1),
	(194, '2021-05-17 14:00:00', b'1', 1),
	(195, '2021-05-17 14:00:00', b'1', 1),
	(196, '2021-05-17 14:00:00', b'1', 1),
	(197, '2021-05-17 14:00:00', b'1', 1),
	(198, '2021-05-17 14:00:00', b'1', 1),
	(199, '2021-05-17 14:00:00', b'1', 1),
	(200, '2021-05-17 14:00:00', b'1', 1),
	(201, '2021-05-17 14:00:00', b'1', 1),
	(202, '2021-05-23 14:00:00', b'1', 1),
	(203, '2021-05-23 14:00:00', b'1', 1),
	(204, '2021-05-23 14:00:00', b'1', 1),
	(205, '2021-05-23 14:00:00', b'1', 1),
	(206, '2021-05-23 14:00:00', b'1', 1),
	(207, '2021-05-23 14:00:00', b'1', 1),
	(208, '2021-05-23 14:00:00', b'1', 1),
	(209, '2021-05-23 14:00:00', b'1', 1),
	(210, '2021-05-23 14:00:00', b'1', 1),
	(211, '2021-05-23 14:00:00', b'1', 1),
	(212, '2021-05-23 14:00:00', b'1', 1),
	(213, '2021-05-23 14:00:00', b'1', 1),
	(214, '2021-05-23 14:00:00', b'1', 1),
	(215, '2021-05-23 14:00:00', b'1', 1),
	(216, '2021-05-23 14:00:00', b'1', 1),
	(217, '2021-05-23 14:00:00', b'1', 1),
	(218, '2021-05-23 14:00:00', b'1', 1),
	(219, '2021-05-23 14:00:00', b'1', 1),
	(220, '2021-05-23 14:00:00', b'1', 1),
	(221, '2021-05-23 14:00:00', b'1', 1),
	(222, '2021-05-28 14:00:00', b'1', 1),
	(223, '2021-05-28 14:00:00', b'1', 1),
	(224, '2021-05-28 14:00:00', b'1', 1),
	(225, '2021-05-28 14:00:00', b'1', 1),
	(226, '2021-05-28 14:00:00', b'1', 1),
	(227, '2021-05-28 14:00:00', b'1', 1),
	(228, '2021-05-28 14:00:00', b'1', 1),
	(229, '2021-05-28 14:00:00', b'1', 1),
	(230, '2021-05-28 14:00:00', b'1', 1),
	(231, '2021-05-28 14:00:00', b'1', 1),
	(232, '2021-05-28 14:00:00', b'1', 1),
	(233, '2021-05-28 14:00:00', b'1', 1),
	(234, '2021-05-28 14:00:00', b'1', 1),
	(235, '2021-05-28 14:00:00', b'1', 1),
	(236, '2021-05-28 14:00:00', b'1', 1),
	(237, '2021-05-28 14:00:00', b'1', 1),
	(238, '2021-05-28 14:00:00', b'1', 1),
	(239, '2021-05-28 14:00:00', b'1', 1),
	(240, '2021-05-28 14:00:00', b'1', 1),
	(241, '2021-05-28 14:00:00', b'1', 1),
	(242, '2021-05-28 14:00:00', b'1', 1),
	(243, '2021-05-28 14:00:00', b'1', 1),
	(244, '2021-05-28 14:00:00', b'1', 1),
	(245, '2021-05-28 14:00:00', b'1', 1),
	(246, '2021-05-28 14:00:00', b'1', 1),
	(247, '2021-05-28 14:00:00', b'1', 1),
	(248, '2021-05-28 14:00:00', b'1', 1),
	(249, '2021-05-28 14:00:00', b'1', 1),
	(250, '2021-05-31 14:00:00', b'1', 1),
	(251, '2021-05-31 14:00:00', b'1', 1),
	(252, '2021-05-31 14:00:00', b'1', 1),
	(253, '2021-05-31 14:00:00', b'1', 1),
	(254, '2021-05-31 14:00:00', b'1', 1),
	(255, '2021-05-31 14:00:00', b'1', 1),
	(256, '2021-05-31 14:00:00', b'1', 1),
	(257, '2021-05-31 14:00:00', b'1', 1),
	(258, '2021-05-31 14:00:00', b'1', 1),
	(259, '2021-05-31 14:00:00', b'1', 1),
	(260, '2021-05-31 14:00:00', b'1', 1),
	(261, '2021-05-31 14:00:00', b'1', 1),
	(262, '2021-05-31 14:00:00', b'1', 1),
	(263, '2021-05-31 14:00:00', b'1', 1),
	(264, '2021-05-31 14:00:00', b'1', 3),
	(265, '2021-05-31 14:00:00', b'1', 1),
	(266, '2021-05-31 14:00:00', b'1', 1),
	(267, '2021-05-31 14:00:00', b'1', 1),
	(268, '2021-05-31 14:00:00', b'1', 1),
	(269, '2021-05-31 14:00:00', b'1', 1),
	(270, '2021-05-31 14:00:00', b'1', 1),
	(271, '2021-06-04 14:00:00', b'1', 1),
	(272, '2021-06-04 14:00:00', b'1', 1),
	(273, '2021-06-04 14:00:00', b'1', 1),
	(274, '2021-06-04 14:00:00', b'1', 1),
	(275, '2021-06-04 14:00:00', b'1', 1),
	(276, '2021-06-04 14:00:00', b'1', 1),
	(277, '2021-06-04 14:00:00', b'1', 1),
	(278, '2021-06-04 14:00:00', b'1', 1),
	(279, '2021-06-04 14:00:00', b'1', 1),
	(280, '2021-06-04 14:00:00', b'1', 1),
	(281, '2021-06-04 14:00:00', b'1', 1),
	(282, '2021-06-04 14:00:00', b'1', 1),
	(283, '2021-06-04 14:00:00', b'1', 1),
	(284, '2021-06-04 14:00:00', b'1', 1),
	(285, '2021-06-04 14:00:00', b'1', 1),
	(286, '2021-06-04 14:00:00', b'1', 1),
	(287, '2021-06-04 14:00:00', b'1', 1),
	(288, '2021-06-04 14:00:00', b'1', 1),
	(289, '2021-06-04 14:00:00', b'1', 1),
	(290, '2021-06-04 15:00:00', b'1', 1),
	(291, '2021-06-04 16:00:00', b'1', 1),
	(292, '2021-06-04 14:00:00', b'1', 1),
	(293, '2021-06-04 14:00:00', b'1', 1),
	(294, '2021-06-04 14:00:00', b'1', 1),
	(295, '2021-06-04 14:30:00', b'1', 1),
	(301, '2021-06-04 14:00:00', b'1', 1),
	(302, '2021-06-04 14:00:00', b'1', 1),
	(303, '2021-06-04 14:00:00', b'1', 1),
	(305, '2021-06-04 14:00:00', b'1', 1),
	(306, '2021-06-04 14:00:00', b'1', 1),
	(307, '2021-06-04 14:00:00', b'1', 1),
	(308, '2021-06-04 14:00:00', b'1', 1),
	(309, '2021-06-04 14:00:00', b'1', 1),
	(310, '2021-06-05 03:00:00', b'1', 1),
	(313, '2021-06-05 14:00:00', b'1', 1),
	(314, '2021-06-05 01:08:15', b'1', 1),
	(315, '2021-06-05 01:09:20', b'1', 1),
	(316, '2021-06-05 01:09:20', b'1', 1),
	(317, '2021-06-05 14:00:00', b'1', 1),
	(318, '2021-06-05 14:00:00', b'1', 1),
	(319, '2021-06-05 11:19:23', b'1', 1),
	(320, '2021-06-05 11:18:58', b'1', 1),
	(321, '2021-06-05 11:50:09', b'1', 6),
	(322, '2021-06-05 14:30:00', b'1', 1),
	(323, '2021-06-05 11:36:15', b'1', 1),
	(324, '2021-06-05 11:37:35', b'1', 1),
	(325, '2021-06-05 11:37:35', b'1', 1),
	(326, '2021-06-05 11:50:20', b'1', 1),
	(327, '2021-06-05 12:30:43', b'1', 1),
	(328, '2021-06-05 12:33:08', b'1', 3),
	(329, '2021-06-05 06:05:00', b'1', 6),
	(330, '2021-06-05 12:34:18', b'1', 3),
	(331, '2021-06-05 12:34:18', b'1', 3),
	(332, '2021-06-05 12:55:07', b'1', 3),
	(333, '2021-06-05 13:03:14', b'1', 7),
	(334, '2021-06-05 13:22:11', b'1', 1),
	(335, '2021-06-05 13:22:11', b'1', 1),
	(336, '2021-06-05 13:25:21', b'1', 7),
	(337, '2021-06-05 13:25:21', b'1', 7),
	(338, '2021-06-05 13:25:21', b'1', 7),
	(339, '2021-06-05 13:25:21', b'1', 7),
	(340, '2021-06-05 14:24:06', b'1', 9),
	(341, '2021-06-05 18:43:01', b'1', 1),
	(342, '2021-06-05 18:43:13', b'1', 1),
	(343, '2021-06-05 18:55:04', b'1', 1),
	(344, '2021-06-05 20:08:52', b'1', 1),
	(345, '2021-06-06 17:22:31', b'1', 1),
	(346, '2021-06-08 14:00:00', b'1', 1),
	(347, '2021-06-08 14:00:00', b'1', 3),
	(348, '2021-06-08 15:00:00', b'1', 3),
	(349, '2021-06-08 12:45:54', b'1', 1),
	(350, '2021-06-08 01:19:00', b'1', 6),
	(351, '2021-06-08 14:41:00', b'1', 1),
	(352, '2021-06-08 16:36:02', b'1', 1),
	(353, '2021-06-09 15:00:00', b'1', 1),
	(354, '2021-06-09 08:22:17', b'1', 1),
	(355, '2021-06-09 15:00:00', b'1', 1),
	(356, '2021-06-09 15:00:00', b'1', 3),
	(357, '2021-06-09 15:00:00', b'1', 3),
	(358, '2021-06-09 10:55:52', b'1', 1),
	(359, '2021-06-09 11:00:54', b'1', 1),
	(360, '2021-06-09 11:03:37', b'1', 1),
	(361, '2021-06-09 11:05:37', b'1', 1),
	(362, '2021-06-09 11:06:06', b'1', 1),
	(363, '2021-06-09 11:07:53', b'1', 6),
	(364, '2021-06-09 11:09:02', b'1', 6),
	(365, '2021-06-09 15:00:00', b'1', 3),
	(366, '2021-06-09 15:00:00', b'1', 3),
	(367, '2021-06-09 11:20:32', b'1', 1),
	(368, '2021-06-09 11:21:38', b'1', 3),
	(369, '2021-06-09 11:22:41', b'1', 1),
	(370, '2021-06-09 11:24:11', b'1', 1),
	(371, '2021-06-09 11:24:53', b'1', 1),
	(372, '2021-06-09 11:26:27', b'1', 1),
	(373, '2021-06-09 11:29:49', b'1', 1),
	(374, '2021-06-09 11:32:03', b'1', 1),
	(375, '2021-06-09 11:32:53', b'1', 3),
	(376, '2021-06-09 11:35:06', b'1', 3),
	(377, '2021-06-09 11:37:36', b'1', 1),
	(378, '2021-06-09 11:37:44', b'1', 1),
	(379, '2021-06-09 11:45:22', b'1', 1),
	(380, '2021-06-09 11:45:40', b'1', 1),
	(381, '2021-06-09 11:46:31', b'1', 3),
	(382, '2021-06-09 11:48:16', b'1', 1),
	(384, '2021-06-09 12:10:45', b'1', 1),
	(386, '2021-06-09 12:12:39', b'1', 3),
	(387, '2021-06-09 12:14:08', b'1', 1),
	(388, '2021-06-09 12:14:38', b'1', 3),
	(389, '2021-06-09 12:15:27', b'1', 1),
	(390, '2021-06-09 12:16:50', b'1', 3),
	(391, '2021-06-09 12:17:29', b'1', 1),
	(392, '2021-06-09 15:00:00', b'1', 1),
	(393, '2021-06-09 12:19:26', b'1', 3),
	(394, '2021-06-09 12:19:48', b'1', 3),
	(395, '2021-06-09 12:20:18', b'1', 1),
	(396, '2021-06-09 12:21:36', b'1', 1),
	(397, '2021-06-09 12:22:46', b'1', 1),
	(398, '2021-06-09 12:23:54', b'1', 1),
	(399, '2021-06-09 12:24:23', b'1', 1),
	(400, '2021-06-09 12:27:17', b'1', 1),
	(401, '2021-06-09 12:27:17', b'1', 1),
	(402, '2021-06-09 12:28:04', b'1', 1),
	(403, '2021-06-09 12:30:37', b'1', 1),
	(404, '2021-06-09 12:30:21', b'1', 1),
	(405, '2021-06-09 12:30:47', b'1', 1),
	(406, '2021-06-09 12:31:51', b'1', 1),
	(407, '2021-06-09 12:35:17', b'1', 1),
	(408, '2021-06-09 12:35:08', b'1', 1),
	(409, '2021-06-09 12:33:43', b'1', 1),
	(410, '2021-06-09 12:35:00', b'1', 1),
	(411, '2021-06-09 12:36:07', b'1', 1),
	(412, '2021-06-09 12:36:13', b'1', 1),
	(413, '2021-06-09 12:38:03', b'1', 1),
	(414, '2021-06-09 12:58:05', b'1', 1),
	(415, '2021-06-09 12:39:29', b'1', 1),
	(416, '2021-06-09 12:39:43', b'1', 1),
	(417, '2021-06-09 12:58:17', b'1', 1),
	(418, '2021-06-09 13:00:33', b'1', 3),
	(419, '2021-06-09 13:00:50', b'1', 3),
	(420, '2021-06-09 13:01:01', b'1', 3),
	(421, '2021-06-09 13:30:48', b'1', 1),
	(422, '2021-06-09 13:30:57', b'1', 1),
	(423, '2021-06-09 13:34:30', b'1', 1),
	(424, '2021-06-09 13:34:53', b'1', 1),
	(425, '2021-06-09 13:35:13', b'1', 1),
	(426, '2021-06-09 13:36:26', b'1', 1),
	(427, '2021-06-09 13:36:47', b'1', 1),
	(428, '2021-06-09 13:47:42', b'1', 1),
	(429, '2021-06-09 13:48:03', b'1', 1),
	(430, '2021-06-09 13:48:21', b'1', 1),
	(431, '2021-06-09 14:49:19', b'1', 10),
	(434, '2021-06-09 15:46:57', b'1', 3),
	(435, '2021-06-09 15:52:06', b'1', 1),
	(436, '2021-06-09 15:52:51', b'1', 1),
	(437, '2021-06-09 15:53:24', b'1', 3),
	(438, '2021-06-09 15:58:15', b'1', 1),
	(439, '2021-06-09 16:02:34', b'1', 1),
	(440, '2021-06-09 16:04:39', b'1', 1),
	(441, '2021-06-09 16:05:20', b'1', 1),
	(442, '2021-06-09 16:05:57', b'1', 1),
	(443, '2021-06-09 16:07:23', b'1', 1),
	(444, '2021-06-09 16:08:27', b'1', 1),
	(445, '2021-06-09 16:09:46', b'1', 1),
	(446, '2021-06-09 16:10:48', b'1', 1),
	(447, '2021-06-09 16:12:07', b'1', 1),
	(448, '2021-06-09 16:13:30', b'1', 1),
	(449, '2021-06-09 16:17:11', b'1', 1),
	(450, '2021-06-09 16:17:11', b'1', 1),
	(451, '2021-06-09 16:18:43', b'1', 1),
	(452, '2021-06-09 16:22:07', b'1', 1),
	(453, '2021-06-09 16:24:19', b'1', 1),
	(454, '2021-06-09 16:24:49', b'1', 1),
	(455, '2021-06-09 16:25:13', b'1', 1),
	(456, '2021-06-09 16:27:07', b'1', 1),
	(457, '2021-06-09 16:27:24', b'1', 1),
	(458, '2021-06-09 16:27:46', b'1', 1),
	(459, '2021-06-09 16:28:50', b'1', 1),
	(460, '2021-06-09 16:36:24', b'1', 1),
	(461, '2021-06-09 16:36:34', b'1', 1),
	(462, '2021-06-09 16:37:32', b'1', 1),
	(463, '2021-06-09 16:37:49', b'1', 3),
	(464, '2021-06-09 16:38:23', b'1', 1),
	(465, '2021-06-09 16:39:05', b'1', 1),
	(466, '2021-06-09 16:39:26', b'1', 3),
	(467, '2021-06-09 16:39:42', b'1', 3),
	(468, '2021-06-09 16:40:00', b'1', 3),
	(469, '2021-06-09 16:40:18', b'1', 3),
	(470, '2021-06-09 17:54:00', b'1', 11),
	(471, '2021-06-09 16:41:00', b'1', 1),
	(472, '2021-06-09 16:41:12', b'1', 1),
	(473, '2021-06-09 16:41:30', b'1', 1),
	(474, '2021-06-09 16:41:42', b'1', 1),
	(475, '2021-06-09 16:41:55', b'1', 1),
	(476, '2021-06-09 16:42:09', b'1', 1),
	(477, '2021-06-09 16:42:19', b'1', 1),
	(478, '2021-06-09 16:42:30', b'1', 1),
	(479, '2021-06-09 16:44:52', b'1', 1),
	(480, '2021-06-09 16:47:55', b'1', 1),
	(481, '2021-06-09 16:48:19', b'1', 1),
	(482, '2021-06-09 16:49:30', b'1', 1),
	(483, '2021-06-09 16:50:55', b'1', 1),
	(484, '2021-06-09 16:51:25', b'1', 3),
	(485, '2021-06-09 16:51:56', b'1', 3),
	(486, '2021-06-09 16:52:08', b'1', 1),
	(487, '2021-06-09 16:53:37', b'1', 1),
	(488, '2021-06-09 16:56:36', b'1', 3),
	(489, '2021-06-09 16:57:10', b'1', 3),
	(490, '2021-06-09 16:58:03', b'1', 1),
	(491, '2021-06-09 16:58:25', b'1', 1),
	(492, '2021-06-09 16:58:43', b'1', 1),
	(493, '2021-06-09 16:59:23', b'1', 1),
	(494, '2021-06-09 16:59:34', b'1', 1),
	(495, '2021-06-09 16:59:51', b'1', 1),
	(496, '2021-06-09 17:00:54', b'1', 1),
	(497, '2021-06-09 17:02:28', b'1', 1),
	(498, '2021-06-09 17:02:55', b'1', 3),
	(499, '2021-06-09 17:03:37', b'1', 1),
	(500, '2021-06-09 17:03:59', b'1', 3),
	(501, '2021-06-09 17:06:30', b'1', 3),
	(502, '2021-06-09 17:10:04', b'1', 1),
	(503, '2021-06-09 17:10:17', b'1', 1),
	(504, '2021-06-09 17:10:51', b'1', 1),
	(505, '2021-06-09 17:11:19', b'1', 1),
	(506, '2021-06-09 17:20:00', b'1', 1),
	(507, '2021-06-09 17:20:49', b'1', 1),
	(508, '2021-06-09 17:21:22', b'1', 3),
	(509, '2021-06-09 17:21:34', b'1', 3),
	(510, '2021-06-09 17:23:41', b'1', 1),
	(511, '2021-06-09 17:23:52', b'1', 1),
	(512, '2021-06-09 17:27:30', b'1', 1),
	(513, '2021-06-09 17:29:26', b'1', 1),
	(514, '2021-06-09 17:29:46', b'1', 1),
	(515, '2021-06-09 17:29:54', b'1', 1),
	(516, '2021-06-09 17:30:07', b'1', 1),
	(517, '2021-06-09 17:30:41', b'1', 1),
	(518, '2021-06-09 17:30:53', b'1', 1),
	(519, '2021-06-09 17:32:18', b'1', 1),
	(520, '2021-06-10 17:32:37', b'1', 1),
	(521, '2021-06-09 18:48:33', b'1', 1),
	(522, '2021-06-09 18:49:08', b'1', 1),
	(523, '2021-06-09 17:53:08', b'1', 1),
	(524, '2021-06-09 17:51:22', b'1', 1),
	(525, '2021-06-09 17:51:38', b'1', 1),
	(526, '2021-06-09 17:52:09', b'1', 3),
	(527, '2021-06-09 17:52:24', b'1', 3),
	(528, '2021-06-09 17:52:43', b'1', 1),
	(529, '2021-06-09 17:53:25', b'1', 1),
	(530, '2021-06-09 17:54:07', b'1', 1),
	(531, '2021-06-09 17:59:39', b'1', 1),
	(532, '2021-06-09 17:59:58', b'1', 3),
	(533, '2021-06-09 18:00:47', b'1', 1),
	(534, '2021-06-09 18:03:16', b'1', 1),
	(535, '2021-06-09 18:03:22', b'1', 1),
	(536, '2021-06-09 18:04:31', b'1', 1),
	(537, '2021-06-09 18:04:42', b'1', 1),
	(538, '2021-06-09 18:04:54', b'1', 1),
	(539, '2021-06-09 18:05:05', b'1', 1),
	(540, '2021-06-09 18:05:36', b'1', 1),
	(541, '2021-06-09 18:05:55', b'1', 3),
	(542, '2021-06-09 18:14:18', b'1', 6),
	(543, '2021-06-09 18:06:08', b'1', 3),
	(544, '2021-06-09 18:06:41', b'1', 3),
	(545, '2021-06-09 18:07:04', b'1', 1),
	(546, '2021-06-09 18:13:12', b'1', 1),
	(547, '2021-06-09 18:14:27', b'1', 1),
	(548, '2021-06-09 18:14:51', b'1', 3),
	(549, '2021-06-09 18:16:19', b'1', 1),
	(550, '2021-06-09 18:16:40', b'1', 3),
	(551, '2021-06-09 18:17:56', b'1', 1),
	(552, '2021-06-09 18:18:30', b'1', 3),
	(553, '2021-06-09 18:19:51', b'1', 1),
	(554, '2021-06-09 18:20:09', b'1', 3),
	(555, '2021-06-09 18:22:18', b'1', 1),
	(556, '2021-06-09 18:22:55', b'1', 1),
	(557, '2021-06-09 18:23:19', b'1', 1),
	(558, '2021-06-09 18:24:07', b'1', 3),
	(559, '2021-06-09 18:25:31', b'1', 3),
	(560, '2021-06-09 18:26:39', b'1', 3),
	(561, '2021-06-09 18:27:23', b'1', 3),
	(562, '2021-06-09 18:34:28', b'1', 3),
	(563, '2021-06-09 18:41:01', b'1', 1),
	(564, '2021-06-09 18:41:26', b'1', 1),
	(565, '2021-06-09 18:44:10', b'1', 3),
	(566, '2021-06-09 19:10:23', b'1', 3),
	(567, '2021-06-09 19:57:30', b'1', 1),
	(568, '2021-06-09 20:18:06', b'1', 3),
	(569, '2021-06-09 20:05:46', b'1', 3),
	(570, '2021-06-09 20:15:03', b'1', 3),
	(571, '2021-06-09 20:15:17', b'1', 3),
	(572, '2021-06-09 20:17:28', b'1', 3),
	(573, '2021-06-09 20:29:58', b'1', 12),
	(574, '2021-06-09 20:38:11', b'1', 10),
	(575, '2021-06-10 15:00:00', b'1', 3);
/*!40000 ALTER TABLE `Pedido` ENABLE KEYS */;

-- Volcando estructura para tabla Cantina.Usuario
CREATE TABLE IF NOT EXISTS `Usuario` (
  `IdUsuario` int(11) NOT NULL AUTO_INCREMENT,
  `Nombre` varchar(50) NOT NULL,
  `Email` varchar(50) NOT NULL,
  `Hash` varchar(60) NOT NULL,
  PRIMARY KEY (`IdUsuario`),
  UNIQUE KEY `Email` (`Email`),
  UNIQUE KEY `Nick` (`Nombre`) USING BTREE
) ENGINE=InnoDB AUTO_INCREMENT=13 DEFAULT CHARSET=utf8mb4;

-- Volcando datos para la tabla Cantina.Usuario: ~8 rows (aproximadamente)
/*!40000 ALTER TABLE `Usuario` DISABLE KEYS */;
INSERT INTO `Usuario` (`IdUsuario`, `Nombre`, `Email`, `Hash`) VALUES
	(1, 'Admin', 'admin@CantinAPP.com', '$2y$10$8.qTKhu0QH9Tdugs2IxU9uZCaFm0gbSJILJ73v1m8usYEOW4fPVrG'),
	(2, 'Alicia', 'alicia.b.m94@hotmail.com', '$2y$10$TYMUHWp2KGBfJbL7LVJOAOp3axHLzc/jJcx.NwEzhCpd1.6RU1pam'),
	(3, 'Toni', 'antonio_jose91@hotmail.es', '$2y$10$IZ5gO0WmBmpRSJvjPsiHFuIHk9OedJkCHlGCj3ym7pXZVEFP.ZY4S'),
	(4, 'Prueba', '1@2.com', '$2y$10$CO.8Ve41yY6AhSMNuihR2OXg8p3ECR6MQrvXaFOWH0ggg.SYbYOZa'),
	(5, 'Chloe', 'chloe-12@hotmail.com', '$2y$10$iPi1B6YvGhuEbNHI8Q3EReFVlgyrwIEeFU8p/nGqimpReOYBNUPAe'),
	(6, 'pepa', 'pepam@hotmail.com', '$2y$10$8KpxuO3kRXPyBc1gBy79HO0CEKgXLWcy47zaHt65vVPy834NJgXry'),
	(7, 'Cacaculopedopis', 'juju@gmail.com', '$2y$10$RCXgH4/bN7ME67JuuYieGOTJAuZmjSY0Dt75u6SzZwzSkR2WvMYnK'),
	(8, 'Raul', 'garca.raul@gmail.com', '$2y$10$H9dqAWSvt8qYSmMooV3gruKUJQMp/Ycs4ozczmNinU68IDuELsCvm'),
	(9, 'ALG', 'andres.lorentegonzalezz@gmail.com', '$2y$10$bnGZEI5Tr4hAfAP5lvmYLODnotEt.cI2RDQoeyUjgPgNRQ/WcOW/C'),
	(10, 'Lidia', 'lidiaminarrofp@gmail.com', '$2y$10$rzcys71E1txYr4wC6nPkU.Rptyfk0TzjdlgqK3zK0bTqiYn4PsZUa'),
	(11, 'Guillermina', 'guilerminna@hotmail.com', '$2y$10$25LsWRDBM5JN0RfQd9zl1OOYzdX6dBiNN.JmfKKelnPgJ4GLwc/Ga'),
	(12, 'Fran', 'franciscoburlomolina@gmail.com', '$2y$10$Aw7VMhtQA88NQSzuRmcF.eKEbjY7qJAC593cnX0fmelH3NccwDUse');
/*!40000 ALTER TABLE `Usuario` ENABLE KEYS */;

DROP USER 'CantinAPP'@'%';
CREATE USER 'CantinAPP'@'%' IDENTIFIED BY 'xuWoG325WA7i';
GRANT ALL PRIVILEGES ON CantinAPP.* TO 'CantinAPP'@'%';
FLUSH PRIVILEGES;

/*!40101 SET SQL_MODE=IFNULL(@OLD_SQL_MODE, '') */;
/*!40014 SET FOREIGN_KEY_CHECKS=IFNULL(@OLD_FOREIGN_KEY_CHECKS, 1) */;
/*!40101 SET CHARACTER_SET_CLIENT=@OLD_CHARACTER_SET_CLIENT */;
/*!40111 SET SQL_NOTES=IFNULL(@OLD_SQL_NOTES, 1) */;
